Timestamp (ms),Piezo Value Left,Piezo Value Right,Label
0,8,7, left
80,6,7, right
160,7,7, middle
242,8,8, middle
324,9,9, middle
406,12,9, left
489,14,8, left
572,26,4, left
655,36,0, left
738,45,0, left
821,50,0, left
904,104,3, left
988,219,5, left
1072,274,2, left
1157,211,0, left
1242,31,0, left
1326,0,1, right
1409,54,3, left
1493,185,2, left
1578,253,0, left
1663,177,0, left
1748,77,3, left
1832,66,4, left
1916,147,4, left
2001,319,4, left
2088,248,6, left
2173,107,3, left
2258,0,0, middle
2341,0,0, middle
2424,11,0, left
2508,66,0, left
2592,56,0, left
2676,0,0, middle
2758,0,0, middle
2841,0,0, middle
2923,7,0, left
3005,51,1, left
3089,80,4, left
3173,77,6, left
3257,49,4, left
3341,45,3, left
3425,145,4, left
3510,168,6, left
3595,49,4, left
3679,0,3, right
3762,5,5, middle
3845,97,6, left
3929,101,8, left
4014,0,7, right
4096,0,4, right
4179,0,3, right
4264,4,3, left
4347,169,9, left
4432,231,11, left
4518,75,6, left
4602,0,0, middle
4685,0,3, right
4768,38,9, left
4852,65,12, left
4937,46,10, left
5022,5,8, right
5105,3,8, right
5188,22,8, left
5272,24,10, left
5357,17,9, left
5441,7,7, middle
5524,0,6, right
5607,19,7, left
5691,27,9, left
5775,17,10, left
5860,11,7, left
5944,16,6, left
6028,17,7, left
6112,17,10, left
6197,21,9, left
6281,15,7, left
6365,0,7, right
6450,0,10, right
6534,9,11, right
6618,41,10, left
6703,80,7, left
6787,87,6, left
6871,49,9, left
6955,5,10, right
7039,7,9, right
7122,15,8, left
7206,20,7, left
7290,29,9, left
7374,32,10, left
7459,17,10, left
7544,1,8, right
7627,8,8, middle
7710,10,9, left
7794,11,11, middle
7879,12,11, left
7964,8,9, right
8047,11,8, left
8131,13,10, left
8216,14,12, left
8301,12,10, left
8386,11,8, left
8470,16,9, left
8554,11,11, middle
8639,11,12, right
8722,13,10, left
8807,9,8, left
8890,7,9, right
8973,10,10, middle
9058,20,12, left
9143,14,10, left
9228,6,8, right
9311,9,9, middle
9394,13,11, left
9479,15,12, left
9564,13,10, left
9649,11,8, left
9733,16,10, left
9818,18,12, left
9903,18,10, left
9988,16,8, left
10072,18,9, left
10157,19,11, left
10243,13,10, left
10329,10,8, left
10414,11,10, left
10500,16,12, left
10586,11,10, left
10672,11,9, left
10757,13,11, left
10845,18,10, left
10931,14,9, left
11016,16,11, left
11102,20,11, left
11188,11,9, left
11273,6,9, right
11357,12,11, left
11443,20,11, left
11529,10,9, left
11614,13,10, left
11700,11,12, right
11786,10,10, middle
11872,1,9, right
11956,0,10, right
12041,0,12, right
12126,0,11, right
12211,0,10, right
12296,10,11, right
12382,26,13, left
12468,24,10, left
12554,21,10, left
12640,31,12, left
12726,13,11, left
12812,5,9, right
12898,14,11, left
12984,0,12, right
13069,0,9, right
13153,0,7, right
13237,0,9, right
13321,30,11, left
13407,165,10, left
13494,201,9, left
13580,86,12, left
13666,0,11, right
13751,0,9, right
13835,67,9, left
13920,97,11, left
14006,14,12, left
14092,0,9, right
14176,25,10, left
14262,44,12, left
14348,19,11, left
14434,3,8, right
14518,18,10, left
14604,31,12, left
14690,16,10, left
14776,7,9, right
14860,20,11, left
14946,25,12, left
15034,11,9, left
15119,12,10, left
15205,22,12, left
15291,17,10, left
15377,11,10, left
15463,17,12, left
15549,19,11, left
15635,13,9, left
15720,13,11, left
15806,18,13, left
15892,16,10, left
15978,12,10, left
16064,16,13, left
16150,14,11, left
16236,11,9, left
16321,14,11, left
16407,19,13, left
16493,14,10, left
16579,14,10, left
16665,14,13, left
16751,15,11, left
16837,11,10, left
16923,15,11, left
17009,16,12, left
17095,13,10, left
17183,14,12, left
17269,17,12, left
17355,12,10, left
17441,14,10, left
17527,16,13, left
17613,13,11, left
17699,12,10, left
17785,16,12, left
17871,15,12, left
17957,12,10, left
18043,15,11, left
18129,17,13, left
18215,13,10, left
18301,13,10, left
18387,16,13, left
18473,14,11, left
18559,11,9, left
18644,14,11, left
18730,17,13, left
18816,12,10, left
18902,12,10, left
18988,17,13, left
19074,14,11, left
19160,11,10, left
19248,16,13, left
19334,15,12, left
19420,11,9, left
19505,14,11, left
19591,16,13, left
19677,12,10, left
19763,12,10, left
19849,17,13, left
19935,16,11, left
20021,11,10, left
20107,15,12, left
20193,16,13, left
20279,11,10, left
20365,12,11, left
20451,17,13, left
20537,13,10, left
20623,12,10, left
20709,15,13, left
20795,15,11, left
20881,12,9, left
20966,13,11, left
21052,16,13, left
21138,12,10, left
21224,11,10, left
21310,17,13, left
21398,14,10, left
21484,11,10, left
21570,13,13, middle
21656,14,12, left
21742,11,10, left
21828,13,12, left
21914,14,13, left
22000,12,10, left
22086,12,10, left
22172,15,13, left
22258,12,11, left
22344,10,10, middle
22430,14,12, left
22516,15,12, left
22602,11,10, left
22688,12,11, left
22774,14,13, left
22860,12,10, left
22946,11,10, left
23032,15,13, left
23118,14,11, left
23204,10,10, middle
23290,14,12, left
23376,16,12, left
23464,11,9, left
23549,12,11, left
23635,15,13, left
23721,13,10, left
23807,11,10, left
23893,17,13, left
23979,15,11, left
24065,3,10, right
24150,5,12, right
24235,8,13, right
24320,12,11, left
24406,20,9, left
24491,23,11, left
24577,29,12, left
24663,27,9, left
24748,17,10, left
24834,16,12, left
24920,12,11, left
25006,7,10, right
25091,16,12, left
25177,26,13, left
25263,7,10, right
25348,1,11, right
25433,25,13, left
25521,24,11, left
25607,4,10, right
25692,10,12, right
25778,19,13, left
25864,10,10, middle
25950,7,11, right
26035,15,13, left
26121,15,12, left
26207,10,10, middle
26293,13,12, left
26379,14,13, left
26465,9,10, right
26550,11,10, left
26636,15,13, left
26722,12,12, middle
26808,10,10, middle
26894,13,12, left
26980,14,13, left
27066,10,10, middle
27152,10,11, right
27238,14,13, left
27324,12,11, left
27410,9,10, right
27495,11,13, right
27583,12,12, middle
27669,9,10, right
27754,11,12, right
27840,13,13, middle
27926,10,11, right
28012,10,11, right
28098,12,13, right
28184,12,12, middle
28270,9,10, right
28355,11,12, right
28441,14,13, left
28527,11,10, left
28613,10,11, right
28699,12,13, right
28785,12,12, middle
28871,9,10, right
28956,11,12, right
29042,12,13, right
29128,9,10, right
29213,10,10, middle
29299,13,13, middle
29385,12,12, middle
29471,9,10, right
29558,12,13, right
29644,14,13, left
29730,10,10, middle
29816,12,11, left
29902,14,13, left
29988,11,11, middle
30074,9,10, right
30159,13,12, left
30245,13,13, middle
30331,8,10, right
30416,9,11, right
30501,15,13, left
30587,12,12, middle
30673,8,10, right
30758,12,12, middle
30844,14,13, left
30930,10,10, middle
31016,10,10, middle
31102,14,13, left
31188,12,12, middle
31274,11,10, left
31360,12,13, right
31446,14,13, left
31532,14,10, left
31620,20,12, left
31706,6,13, right
31791,0,11, right
31876,12,10, left
31962,55,11, left
32048,56,9, left
32133,32,3, left
32218,0,1, right
32302,0,0, middle
32386,0,0, middle
32470,0,0, middle
32554,0,0, middle
32638,0,0, middle
32722,0,0, middle
32806,0,37, right
32891,0,94, right
32976,0,100, right
33062,0,99, right
33147,0,104, right
33233,0,104, right
33319,0,118, right
33405,4,163, right
33491,6,192, right
33577,0,174, right
33665,3,152, right
33751,0,130, right
33837,0,112, right
33923,0,98, right
34008,5,85, right
34093,10,69, right
34179,17,36, right
34265,17,0, left
34350,9,0, left
34434,0,0, middle
34518,0,0, middle
34602,0,19, right
34687,0,60, right
34772,0,66, right
34857,0,12, right
34942,0,0, middle
35026,0,0, middle
35110,0,0, middle
35194,0,26, right
35279,0,36, right
35364,2,59, right
35449,0,42, right
35534,1,31, right
35619,1,18, right
35706,7,17, right
35791,9,26, right
35876,7,30, right
35961,7,35, right
36046,7,36, right
36131,11,47, right
36217,9,59, right
36302,4,61, right
36387,6,51, right
36472,9,44, right
36557,9,60, right
36642,3,53, right
36727,0,44, right
36812,0,28, right
36897,0,30, right
36982,0,31, right
37067,1,38, right
37152,1,28, right
37237,0,23, right
37322,0,26, right
37407,3,29, right
37492,5,33, right
37577,10,31, right
37663,10,32, right
37749,8,23, right
37832,8,15, right
37917,1,4, right
38001,0,0, middle
38085,0,5, right
38169,0,12, right
38254,0,15, right
38339,0,15, right
38424,0,13, right
38509,1,15, right
38594,4,16, right
38679,4,10, right
38764,0,11, right
38849,1,16, right
38934,4,23, right
39019,4,21, right
39104,2,17, right
39189,2,20, right
39274,3,19, right
39359,4,21, right
39444,2,22, right
39529,3,20, right
39614,6,19, right
39699,6,20, right
39784,1,16, right
39871,5,28, right
39956,7,30, right
40041,5,27, right
40126,5,30, right
40211,8,42, right
40296,5,37, right
40381,0,22, right
40466,0,9, right
40550,0,4, right
40634,14,10, left
40720,9,16, right
40805,1,34, right
40890,0,70, right
40975,10,85, right
41061,12,83, right
41147,13,85, right
41233,15,62, right
41319,11,28, right
41405,7,27, right
41490,12,61, right
41576,13,78, right
41662,3,56, right
41747,0,39, right
41832,2,44, right
41919,6,51, right
42004,3,44, right
42089,1,42, right
42174,5,46, right
42259,8,46, right
42344,3,36, right
42429,1,28, right
42514,6,31, right
42599,9,35, right
42684,6,30, right
42769,4,24, right
42854,7,24, right
42939,9,27, right
43024,7,26, right
43109,4,23, right
43194,5,24, right
43279,8,27, right
43364,7,26, right
43449,3,25, right
43534,5,26, right
43619,7,28, right
43704,8,28, right
43789,5,27, right
43874,6,28, right
43959,8,31, right
44042,9,32, right
44127,6,29, right
44212,5,29, right
44297,8,31, right
44382,9,32, right
44467,7,29, right
44552,5,27, right
44637,7,29, right
44722,9,30, right
44807,7,28, right
44892,6,27, right
44977,7,29, right
45062,9,30, right
45147,7,28, right
45232,5,26, right
45317,7,28, right
45402,9,29, right
45487,7,27, right
45572,6,25, right
45657,7,27, right
45742,10,29, right
45828,6,26, right
45913,6,24, right
45998,8,26, right
46085,9,27, right
46170,6,24, right
46255,6,24, right
46340,8,26, right
46425,9,26, right
46510,7,24, right
46595,5,23, right
46680,9,26, right
46765,9,26, right
46850,7,23, right
46935,6,23, right
47020,9,25, right
47105,10,26, right
47191,7,23, right
47276,6,22, right
47361,9,25, right
47446,9,25, right
47531,7,23, right
47616,6,22, right
47701,8,24, right
47786,10,25, right
47872,6,22, right
47957,6,21, right
48042,9,24, right
48129,9,23, right
48214,6,21, right
48299,7,22, right
48384,9,23, right
48469,9,23, right
48554,6,20, right
48639,7,21, right
48724,10,23, right
48810,9,22, right
48895,6,19, right
48980,7,20, right
49065,10,22, right
49151,8,20, right
49236,6,18, right
49321,7,19, right
49406,11,21, right
49492,8,20, right
49577,6,17, right
49662,8,18, right
49747,9,19, right
49832,9,19, right
49917,7,17, right
50002,7,18, right
50087,10,21, right
50175,7,18, right
50260,7,19, right
50345,10,22, right
50431,14,31, right
50517,8,31, right
50602,8,33, right
50687,10,35, right
50773,9,35, right
50858,7,31, right
50943,7,27, right
51028,10,27, right
51114,8,23, right
51199,7,23, right
51284,7,21, right
51369,8,20, right
51454,10,20, right
51540,7,19, right
51625,8,21, right
51710,10,21, right
51796,8,19, right
51881,7,18, right
51966,9,20, right
52051,10,20, right
52137,8,18, right
52224,7,19, right
52309,8,21, right
52394,10,20, right
52480,7,17, right
52565,8,18, right
52650,11,20, right
52736,9,19, right
52821,7,17, right
52906,8,18, right
52991,11,20, right
53077,9,18, right
53162,7,16, right
53247,8,17, right
53332,11,19, right
53418,9,17, right
53503,7,15, right
53588,9,17, right
53673,10,19, right
53759,8,16, right
53844,7,15, right
53929,9,17, right
54014,11,18, right
54100,8,15, right
54185,7,14, right
54272,10,18, right
54358,9,16, right
54443,7,14, right
54528,7,15, right
54613,10,17, right
54699,9,16, right
54784,6,14, right
54869,7,15, right
54954,11,17, right
55040,9,16, right
55125,6,14, right
55210,8,16, right
55295,11,18, right
55381,8,16, right
55466,6,15, right
55551,8,16, right
55636,9,18, right
55721,9,16, right
55806,6,13, right
55891,9,16, right
55976,11,18, right
56062,8,16, right
56147,7,14, right
56232,9,16, right
56317,11,18, right
56405,9,14, right
56490,8,14, right
56575,10,17, right
56661,10,16, right
56747,7,13, right
56832,9,15, right
56917,11,17, right
57003,9,14, right
57088,7,13, right
57173,9,15, right
57258,11,16, right
57344,9,13, right
57429,7,13, right
57514,9,15, right
57599,11,16, right
57685,8,14, right
57770,9,13, right
57855,10,16, right
57941,11,16, right
58027,7,13, right
58112,8,14, right
58197,10,16, right
58283,10,15, right
58369,8,13, right
58452,8,14, right
58537,11,16, right
58623,9,16, right
58708,7,13, right
58793,7,14, right
58878,10,17, right
58964,9,15, right
59049,7,13, right
59134,8,15, right
59219,12,16, right
59305,9,15, right
59390,7,13, right
59475,9,15, right
59560,11,16, right
59646,10,14, right
59732,8,13, right
59817,10,15, right
59903,11,16, right
59989,8,13, right
,,,
0,0,13, right
81,9,13, right
163,0,13, right
246,0,12, right
329,0,14, right
412,0,15, right
495,0,15, right
578,119,19, left
663,189,15, left
748,0,7, right
830,0,6, right
912,0,10, right
995,36,13, left
1079,78,14, left
1164,120,10, left
1250,0,10, right
1334,0,12, right
1418,24,13, left
1503,91,12, left
1588,72,12, left
1673,0,13, right
1757,0,13, right
1841,31,13, left
1926,65,11, left
2013,35,14, left
2098,0,14, right
2182,6,13, right
2266,18,12, left
2351,11,14, right
2436,0,15, right
2520,0,13, right
2604,0,11, right
2688,18,10, left
2773,22,12, left
2858,0,11, right
2942,0,7, right
3025,25,7, left
3109,147,10, left
3195,316,14, left
3281,298,12, left
3367,72,10, left
3452,0,15, right
3536,0,18, right
3620,177,17, left
3706,226,14, left
3792,37,16, left
3877,0,17, right
3961,0,15, right
4045,118,15, left
4133,195,16, left
4219,117,16, left
4305,30,13, left
4390,0,14, right
4474,31,17, left
4559,62,17, left
4644,29,14, left
4729,4,14, right
4813,22,16, left
4898,43,17, left
4983,32,15, left
5068,9,14, right
5152,15,16, right
5237,32,17, left
5322,26,16, left
5407,9,14, right
5491,15,15, middle
5576,27,17, left
5661,25,16, left
5746,14,14, middle
5831,17,15, left
5916,26,17, left
6001,24,16, left
6086,21,14, left
6171,21,15, left
6258,30,18, left
6343,21,16, left
6428,19,14, left
6513,9,16, right
6597,11,17, right
6682,21,16, left
6767,16,14, left
6852,11,15, right
6937,12,18, right
7022,18,16, left
7107,17,14, left
7192,17,16, left
7277,22,17, left
7362,19,16, left
7447,15,14, left
7532,15,15, middle
7617,19,18, left
7702,19,16, left
7787,16,14, left
7872,18,15, left
7957,19,17, left
8042,20,16, left
8127,15,14, left
8212,15,15, middle
8297,19,17, left
8382,19,16, left
8469,15,14, left
8554,17,16, left
8639,19,16, left
8724,16,16, middle
8809,15,14, left
8894,17,16, left
8979,18,17, left
9064,18,16, left
9149,16,14, left
9234,16,16, middle
9319,20,17, left
9404,16,16, middle
9489,14,14, middle
9574,17,15, left
9659,19,16, left
9744,18,16, left
9829,14,14, middle
9914,15,15, middle
9999,18,17, left
10084,18,16, left
10170,13,14, right
10256,17,16, left
10342,19,16, left
10428,13,13, middle
10516,15,16, right
10602,19,17, left
10688,16,14, left
10774,17,15, left
10860,20,17, left
10946,16,15, left
11032,13,14, right
11118,18,16, left
11204,17,16, left
11290,13,13, middle
11376,17,16, left
11462,18,16, left
11548,13,14, right
11634,15,14, left
11720,18,17, left
11806,16,15, left
11892,14,13, left
11978,18,16, left
12064,16,15, left
12150,12,13, right
12236,16,15, left
12322,18,16, left
12408,15,13, left
12494,15,14, left
12582,18,16, left
12668,14,13, left
12754,14,14, middle
12840,18,16, left
12926,16,15, left
13012,13,13, middle
13098,15,16, right
13184,17,16, left
13270,13,13, middle
13356,15,14, left
13442,18,16, left
13528,15,13, left
13614,14,13, left
13700,18,16, left
13786,17,14, left
13872,13,13, middle
13958,16,16, middle
14044,17,16, left
14130,14,13, left
14216,15,14, left
14302,18,16, left
14388,15,13, left
14474,14,13, left
14560,18,16, left
14648,15,13, left
14734,14,13, left
14820,17,16, left
14906,17,15, left
14992,13,13, middle
15078,16,15, left
15164,18,16, left
15250,13,13, middle
15336,14,14, middle
15422,18,16, left
15508,14,14, middle
15594,13,13, middle
15680,16,16, middle
15766,16,15, left
15852,13,13, middle
15938,15,14, left
16024,16,16, middle
16110,13,13, middle
16196,14,13, left
16282,17,16, left
16368,15,13, left
16454,12,13, right
16540,16,15, left
16626,14,15, right
16714,11,13, right
16800,16,16, middle
16886,16,15, left
16972,13,12, left
17058,15,15, middle
17144,17,16, left
17230,14,13, left
17316,14,13, left
17402,16,16, middle
17488,15,14, left
17574,12,12, middle
17660,16,15, left
17746,16,15, left
17832,13,13, middle
17918,15,14, left
18004,18,16, left
18090,14,13, left
18176,13,13, middle
18262,17,16, left
18348,17,14, left
18434,12,12, middle
18520,15,15, middle
18606,17,15, left
18694,12,12, middle
18780,16,15, left
18866,19,15, left
18952,13,12, left
19038,13,13, middle
19124,16,16, middle
19210,15,13, left
19296,12,12, middle
19382,16,15, left
19468,15,14, left
19554,12,12, middle
19640,14,14, middle
19726,17,15, left
19812,13,13, middle
19898,13,13, middle
19984,17,15, left
20070,15,13, left
20156,12,12, middle
20242,15,15, middle
20328,16,15, left
20414,13,12, left
20500,12,14, right
20586,17,15, left
20672,14,12, left
20760,14,13, left
20846,16,15, left
20932,15,13, left
21018,12,12, middle
21104,16,15, left
21190,15,14, left
21276,13,12, left
21362,15,15, middle
21448,17,15, left
21534,13,12, left
21620,14,13, left
21706,17,16, left
21792,15,13, left
21878,12,12, middle
21964,16,15, left
22050,16,14, left
22136,13,12, left
22222,15,14, left
22308,17,15, left
22394,13,12, left
22480,13,13, middle
22566,16,15, left
22652,14,13, left
22738,11,12, right
22826,16,15, left
22912,14,13, left
22998,12,12, middle
23084,15,15, middle
23170,15,14, left
23256,12,12, middle
23342,14,13, left
23428,16,15, left
23514,13,12, left
23600,12,12, middle
23686,16,15, left
23772,14,13, left
23858,12,11, left
23944,15,14, left
24030,17,14, left
24116,13,12, left
24202,13,13, middle
24288,17,15, left
24374,14,13, left
24460,12,12, middle
24546,16,15, left
24632,15,13, left
24718,11,12, right
24806,16,15, left
24892,16,14, left
24978,12,11, left
25064,15,14, left
25150,18,15, left
25236,13,12, left
25322,14,12, left
25408,17,15, left
25494,14,13, left
25580,12,11, left
25666,16,15, left
25752,16,14, left
25838,11,11, middle
25924,15,13, left
26010,17,15, left
26096,13,12, left
26182,12,12, middle
26268,16,15, left
26354,14,13, left
26440,11,12, right
26526,15,14, left
26612,16,14, left
26698,9,12, right
26783,10,13, right
26871,13,15, right
26957,11,12, right
27043,11,13, right
27129,15,15, middle
27215,13,13, middle
27301,10,11, right
27387,15,14, left
27473,14,14, middle
27559,12,11, left
27645,14,13, left
27731,16,14, left
27817,13,12, left
27903,12,13, right
27989,16,15, left
28075,15,13, left
28161,10,11, right
28247,16,14, left
28333,16,14, left
28419,13,12, left
28505,14,13, left
28591,18,15, left
28677,13,12, left
28763,13,12, left
28849,17,15, left
28937,15,12, left
29023,13,12, left
29109,17,15, left
29195,15,13, left
29281,12,11, left
29367,15,14, left
29453,16,14, left
29539,11,11, middle
29625,13,13, middle
29711,16,15, left
29797,12,12, middle
29883,11,12, right
29969,16,15, left
30055,14,13, left
30217,12,12, middle
30303,10,12, right
30389,14,15, right
30475,8,13, right
30560,1,11, right
30645,4,13, right
30730,14,15, right
30816,27,13, left
30902,31,11, left
30988,22,13, left
31076,0,11, right
31161,0,9, right
31245,0,9, right
31329,0,8, right
31413,0,6, right
31497,0,2, right
31581,0,0, middle
31665,0,0, middle
31749,0,0, middle
31833,0,0, middle
31917,0,0, middle
32001,0,0, middle
32085,0,0, middle
32169,0,41, right
32254,0,50, right
32339,0,103, right
32425,0,123, right
32511,2,190, right
32597,1,196, right
32683,0,168, right
32769,0,146, right
32855,0,136, right
32941,0,138, right
33027,0,133, right
33115,0,106, right
33201,0,65, right
33286,9,29, right
33371,13,0, left
33456,3,0, left
33540,0,0, middle
33624,0,0, middle
33708,14,36, right
33794,28,145, right
33881,6,93, right
33966,0,65, right
34051,0,78, right
34136,0,150, right
34222,0,185, right
34308,0,174, right
34394,0,132, right
34480,0,94, right
34565,0,78, right
34650,8,113, right
34736,11,147, right
34823,13,136, right
34910,12,116, right
34997,0,68, right
35082,0,48, right
35169,6,62, right
35254,15,78, right
35340,10,93, right
35426,0,71, right
35511,1,61, right
35596,6,68, right
35681,7,76, right
35766,5,79, right
35851,5,73, right
35936,5,75, right
36021,3,83, right
36106,5,92, right
36191,6,93, right
36276,3,84, right
36361,1,77, right
36446,2,88, right
36531,4,97, right
36616,4,98, right
36701,0,88, right
36786,1,81, right
36871,9,84, right
36956,10,86, right
37042,7,63, right
37127,6,38, right
37214,13,65, right
37300,13,76, right
37386,5,34, right
37471,6,18, right
37556,9,35, right
37641,10,55, right
37727,5,48, right
37812,5,43, right
37897,6,40, right
37982,5,33, right
38067,5,29, right
38152,9,46, right
38237,7,32, right
38322,2,19, right
38407,5,24, right
38492,9,34, right
38577,7,33, right
38662,7,37, right
38747,9,52, right
38832,14,64, right
38918,11,63, right
39004,7,53, right
39089,6,52, right
39174,8,53, right
39261,6,43, right
39346,0,36, right
39431,3,44, right
39516,5,40, right
39601,0,28, right
39686,0,20, right
39771,1,16, right
39856,6,22, right
39941,4,23, right
40026,3,24, right
40111,3,20, right
40196,6,21, right
40281,4,18, right
40366,1,16, right
40451,4,20, right
40536,5,23, right
40621,7,24, right
40706,2,22, right
40791,3,16, right
40876,6,23, right
40961,6,29, right
41046,2,25, right
41131,4,22, right
41216,8,26, right
41301,6,27, right
41388,3,25, right
41473,6,24, right
41558,8,26, right
41643,6,25, right
41728,5,23, right
41813,7,23, right
41898,8,26, right
41983,5,25, right
42068,4,24, right
42153,7,25, right
42238,8,27, right
42323,6,25, right
42408,5,24, right
42493,7,26, right
42578,9,26, right
42663,7,23, right
42748,4,21, right
42833,6,21, right
42918,7,23, right
43003,6,23, right
43088,4,20, right
43173,5,23, right
43258,8,26, right
43343,7,24, right
43430,5,21, right
43515,7,23, right
43600,9,25, right
43685,5,23, right
43770,4,21, right
43855,8,23, right
43940,9,24, right
44025,5,22, right
44110,5,22, right
44195,8,24, right
44280,8,24, right
44365,5,20, right
44450,5,20, right
44535,8,24, right
44620,8,24, right
44705,6,20, right
44790,5,20, right
44875,8,23, right
44960,9,23, right
45045,7,20, right
45130,5,20, right
45215,8,23, right
45300,9,23, right
45385,6,20, right
45470,5,19, right
45557,9,22, right
45642,9,21, right
45727,6,19, right
45812,6,19, right
45897,9,22, right
45982,9,21, right
46067,5,18, right
46152,6,19, right
46237,9,23, right
46322,9,23, right
46407,6,18, right
46492,6,20, right
46577,9,23, right
46662,10,21, right
46748,5,17, right
46833,6,19, right
46918,9,22, right
47003,8,21, right
47088,5,18, right
47173,6,19, right
47258,9,21, right
47343,9,21, right
47428,6,19, right
47513,6,19, right
47600,10,21, right
47686,7,19, right
47771,7,18, right
47856,7,20, right
47941,10,21, right
48027,6,18, right
48112,6,18, right
48197,8,20, right
48282,10,20, right
48368,7,18, right
48453,8,17, right
48538,10,19, right
48624,9,19, right
48709,6,17, right
48794,7,17, right
48879,10,20, right
48965,9,19, right
49050,6,16, right
49135,7,17, right
49220,10,20, right
49306,9,18, right
49391,6,16, right
49476,8,18, right
49561,10,20, right
49649,7,16, right
49734,7,17, right
49819,10,19, right
49905,9,18, right
49990,6,16, right
50075,7,17, right
50160,10,19, right
50246,9,17, right
50331,6,15, right
50416,7,17, right
50501,10,20, right
50587,10,18, right
50673,6,15, right
50758,8,18, right
50843,10,19, right
50929,8,16, right
51014,6,15, right
51099,9,18, right
51184,10,20, right
51270,7,16, right
51355,7,15, right
51440,9,18, right
51525,10,19, right
51611,6,15, right
51698,8,17, right
51783,11,19, right
51869,8,16, right
51954,6,15, right
52039,8,17, right
52124,10,19, right
52210,8,16, right
52295,7,15, right
52380,9,17, right
52465,10,18, right
52551,7,15, right
52636,7,15, right
52721,10,17, right
52807,10,17, right
52893,6,14, right
52978,9,16, right
53063,11,18, right
53149,9,16, right
53234,5,13, right
53319,8,16, right
53404,12,18, right
53490,9,16, right
53575,7,14, right
53660,10,16, right
53748,10,16, right
53834,6,12, right
53919,8,13, right
54004,11,16, right
54090,8,14, right
54175,7,13, right
54260,9,15, right
54345,11,16, right
54431,8,12, right
54516,6,10, right
54601,8,13, right
54686,8,13, right
54771,6,12, right
54856,6,13, right
54941,9,15, right
55026,11,15, right
55112,8,13, right
55197,8,14, right
55282,11,16, right
55368,10,16, right
55454,7,14, right
55539,8,16, right
55624,10,18, right
55710,9,16, right
55797,7,15, right
55882,11,18, right
55968,11,18, right
56054,8,15, right
56139,9,16, right
56224,12,19, right
56310,10,16, right
56396,7,16, right
56481,10,18, right
56567,12,17, right
56653,8,14, right
56738,8,15, right
56823,10,17, right
56909,11,17, right
56995,7,13, right
57080,9,15, right
57165,11,18, right
57251,8,15, right
57336,7,13, right
57421,10,17, right
57507,11,18, right
57593,8,14, right
57678,8,15, right
57763,11,17, right
57851,9,15, right
57936,7,13, right
58021,10,15, right
58107,11,17, right
58193,8,14, right
58278,8,14, right
58363,10,16, right
58449,10,16, right
58535,7,13, right
58620,9,15, right
58705,11,17, right
58791,8,15, right
58876,7,13, right
58961,11,16, right
59047,12,16, right
59133,6,13, right
59218,7,14, right
59303,11,16, right
59389,10,16, right
59475,8,13, right
59560,9,14, right
59645,12,17, right
59731,9,15, right
59816,7,13, right
59903,11,16, right
59989,11,15, right
1,12,11, left
83,11,11, middle
166,11,10, left
250,9,9, middle
332,8,9, right
414,7,9, right
496,8,8, middle
578,9,10, right
661,10,11, right
745,11,11, middle
829,10,11, right
913,8,10, right
996,8,10, right
1079,9,10, right
1163,12,12, middle
1248,11,11, middle
1333,8,9, right
1416,10,9, left
1500,20,8, left
1584,20,8, left
1668,37,7, left
1752,154,6, left
1837,219,8, left
1922,213,11, left
2010,157,9, left
2095,62,9, left
2179,76,14, left
2264,151,16, left
2350,185,15, left
2436,203,14, left
2522,141,16, left
2608,82,14, left
2693,37,12, left
2778,47,13, left
2863,110,14, left
2949,122,11, left
3035,27,11, left
3120,0,13, right
3204,0,15, right
3288,8,13, right
3372,0,10, right
3456,0,12, right
3540,0,16, right
3624,0,16, right
3708,0,15, right
3792,61,14, left
3877,40,11, left
3962,0,9, right
4045,0,9, right
4130,21,8, left
4214,40,8, left
4298,25,11, left
4383,9,14, right
4467,0,12, right
4551,0,10, right
4635,0,9, right
4718,6,11, right
4802,28,13, left
4887,0,12, right
4971,0,10, right
5055,1,11, right
5139,33,14, left
5224,39,15, left
5309,61,11, left
5394,84,11, left
5479,97,13, left
5564,105,12, left
5650,67,8, left
5734,21,7, left
5818,0,7, right
5901,0,8, right
6072,248,11, left
6158,187,13, left
6244,65,12, left
6329,13,11, left
6416,37,12, left
6501,132,15, left
6587,138,14, left
6673,32,12, left
6758,0,13, right
6842,0,14, right
6925,78,13, left
7010,161,13, left
7096,114,13, left
7182,27,15, left
7267,0,15, right
7350,29,15, left
7435,54,14, left
7520,0,16, right
7604,0,16, right
7687,34,14, left
7772,32,14, left
7857,9,16, right
7941,11,15, right
8026,25,14, left
8111,29,12, left
8196,18,13, left
8281,1,16, right
8365,0,16, right
8448,0,14, right
8534,17,14, left
8619,17,16, left
8704,0,17, right
8787,2,14, right
8870,26,13, left
8955,34,14, left
9040,23,14, left
9125,16,14, left
9210,5,12, right
9294,7,11, right
9377,16,12, left
9462,10,14, right
9547,1,13, right
9631,22,11, left
9716,7,12, right
9800,0,14, right
9883,18,14, left
9968,23,12, left
10053,3,11, right
10138,1,13, right
10223,17,14, left
10309,17,11, left
10395,7,12, right
10480,11,14, right
10566,17,13, left
10654,14,12, left
10740,11,14, right
10826,11,14, right
10912,12,11, left
10998,14,13, left
11084,13,14, right
11170,10,11, right
11256,11,12, right
11342,14,15, right
11428,13,12, left
11514,11,12, right
11600,13,14, right
11686,15,13, left
11772,11,12, right
11858,13,13, middle
11944,14,14, middle
12030,14,11, left
12116,11,12, right
12202,13,15, right
12288,13,12, left
12374,13,11, left
12460,16,15, left
12546,14,13, left
12632,11,11, middle
12720,16,14, left
12806,10,13, right
12892,7,12, right
12977,11,13, right
13063,13,13, middle
13149,14,11, left
13235,16,11, left
13321,18,14, left
13407,11,12, right
13493,8,11, right
13578,13,14, right
13664,14,14, middle
13750,8,12, right
13835,9,12, right
13920,12,14, right
14006,9,12, right
14090,8,12, right
14175,13,12, left
14261,18,14, left
14347,15,12, left
14433,14,12, left
14519,15,14, left
14605,15,14, left
14691,11,11, middle
14779,14,14, middle
14865,13,13, middle
14951,10,12, right
15037,13,13, middle
15123,16,14, left
15209,11,13, right
15295,11,12, right
15381,16,14, left
15467,14,12, left
15553,11,12, right
15639,14,13, left
15725,12,13, right
15811,11,11, middle
15897,13,13, middle
15983,16,16, middle
16069,11,11, middle
16155,12,13, right
16241,15,14, left
16327,13,11, left
16413,11,11, middle
16499,14,12, left
16585,14,12, left
16671,12,11, left
16759,15,13, left
16845,14,13, left
16931,12,11, left
17017,14,13, left
17103,15,12, left
17189,12,11, left
17275,12,13, right
17361,16,14, left
17447,14,11, left
17533,12,11, left
17619,15,14, left
17705,14,12, left
17791,11,11, middle
17877,14,13, left
17963,16,13, left
18049,12,11, left
18135,13,12, left
18221,16,14, left
18307,14,12, left
18393,12,11, left
18479,13,14, right
18565,14,12, left
18651,11,10, left
18737,15,13, left
18825,14,12, left
18911,11,10, left
18997,15,13, left
19083,15,13, left
19169,11,10, left
19255,14,12, left
19341,16,14, left
19427,12,10, left
19513,13,10, left
19599,15,13, left
19685,14,12, left
19771,12,10, left
19857,14,12, left
19943,15,12, left
20029,12,10, left
20115,13,11, left
20201,15,13, left
20287,13,10, left
20373,12,11, left
20459,16,13, left
20545,15,12, left
20631,12,10, left
20717,15,12, left
20803,15,12, left
20889,12,10, left
20977,15,13, left
21063,15,12, left
21149,12,10, left
21235,14,11, left
21321,16,13, left
21407,13,10, left
21493,13,10, left
21579,15,12, left
21665,14,11, left
21751,11,10, left
21837,15,12, left
21923,15,12, left
22009,11,9, left
22094,13,11, left
22180,16,13, left
22266,14,10, left
22352,12,10, left
22438,16,12, left
22524,14,12, left
22610,12,10, left
22696,14,12, left
22782,15,12, left
22868,12,10, left
22954,13,11, left
23042,16,12, left
23128,11,10, left
23214,13,11, left
23300,16,13, left
23386,13,11, left
23472,12,10, left
23558,15,12, left
23644,15,11, left
23730,11,9, left
23815,14,11, left
23901,16,12, left
23987,13,10, left
24073,13,10, left
24159,16,13, left
24245,13,11, left
24331,12,10, left
24417,15,12, left
24503,16,12, left
24589,12,10, left
24675,14,12, left
24761,16,12, left
24847,13,10, left
24933,15,11, left
25019,15,12, left
25105,14,11, left
25193,13,11, left
25279,15,13, left
25365,13,11, left
25451,12,10, left
25537,15,12, left
25623,15,12, left
25709,11,9, left
25794,13,11, left
25880,16,13, left
25966,14,10, left
26052,12,10, left
26138,16,13, left
26224,15,11, left
26310,12,10, left
26396,15,12, left
26482,16,12, left
26568,13,10, left
26654,14,11, left
26740,17,12, left
26826,14,10, left
26912,13,10, left
26998,16,12, left
27084,15,11, left
27170,12,10, left
27258,15,12, left
27344,14,11, left
27430,11,10, left
27516,15,12, left
27602,15,12, left
27688,13,10, left
27774,14,12, left
27860,16,12, left
27946,13,10, left
28032,13,10, left
28118,15,13, left
28204,14,11, left
28290,11,10, left
28376,15,12, left
28462,15,12, left
28548,11,10, left
28634,14,11, left
28720,16,12, left
28806,17,10, left
28892,28,10, left
28978,43,12, left
29064,41,10, left
29150,23,9, left
29235,9,11, right
29320,30,11, left
29404,55,10, left
29490,45,9, left
29575,15,11, left
29661,14,11, left
29747,28,9, left
29832,28,10, left
29918,19,12, left
30004,15,10, left
30090,19,9, left
30175,23,11, left
30261,19,12, left
30347,13,9, left
30432,19,10, left
30518,21,12, left
30604,11,10, left
30690,9,9, middle
30774,15,11, left
30860,31,11, left
30946,9,6, left
31029,0,5, right
31113,0,5, right
31196,0,4, right
31279,0,3, right
31363,0,1, right
31449,0,0, middle
31533,0,0, middle
31616,0,0, middle
31700,0,15, right
31785,0,31, right
31870,0,39, right
31955,0,49, right
32040,0,65, right
32125,0,73, right
32210,0,63, right
32295,0,104, right
32381,0,123, right
32467,0,122, right
32553,0,109, right
32639,5,104, right
32725,0,72, right
32810,0,46, right
32895,0,22, right
32980,0,41, right
33065,3,88, right
33150,13,137, right
33237,22,153, right
33324,13,116, right
33411,1,67, right
33498,10,65, right
33584,11,52, right
33670,2,18, right
33755,0,2, right
33838,1,13, right
33923,5,50, right
34008,2,78, right
34093,0,74, right
34178,2,67, right
34263,2,65, right
34348,1,63, right
34433,3,57, right
34518,6,52, right
34603,7,54, right
34688,6,62, right
34773,5,60, right
34858,4,60, right
34943,4,62, right
35028,2,60, right
35113,3,61, right
35198,5,61, right
35283,7,61, right
35368,5,62, right
35453,6,68, right
35538,6,79, right
35625,3,81, right
35710,0,69, right
35795,0,46, right
35880,1,44, right
35965,5,65, right
36050,7,77, right
36135,11,94, right
36221,10,95, right
36307,2,71, right
36392,0,54, right
36477,9,64, right
36562,9,85, right
36647,3,101, right
36733,4,84, right
36818,2,44, right
36903,0,2, right
36987,1,22, right
37072,16,76, right
37158,27,105, right
37245,18,96, right
37331,6,60, right
37416,3,50, right
37501,13,65, right
37587,11,57, right
37675,3,31, right
37760,0,18, right
37845,1,27, right
37930,4,43, right
38015,6,48, right
38100,4,30, right
38185,0,10, right
38270,0,15, right
38355,6,24, right
38440,6,23, right
38525,2,12, right
38610,3,14, right
38695,7,23, right
38780,7,23, right
38865,3,19, right
38950,3,20, right
39035,6,25, right
39120,6,24, right
39205,4,20, right
39290,4,21, right
39375,7,24, right
39460,7,23, right
39545,4,20, right
39630,5,21, right
39717,8,24, right
39802,6,23, right
39887,4,22, right
39972,5,23, right
40057,8,24, right
40142,7,24, right
40227,5,24, right
40312,6,24, right
40397,7,25, right
40482,8,24, right
40567,5,22, right
40652,6,22, right
40737,8,24, right
40822,7,24, right
40907,5,22, right
40992,6,23, right
41077,8,25, right
41162,7,22, right
41247,6,20, right
41332,7,22, right
41417,8,25, right
41502,8,24, right
41587,4,21, right
41672,6,21, right
41759,8,23, right
41844,6,21, right
41929,5,19, right
42014,8,21, right
42099,8,22, right
42184,6,20, right
42269,6,19, right
42354,8,22, right
42439,9,23, right
42524,6,19, right
42609,5,19, right
42694,8,23, right
42779,8,22, right
42864,6,18, right
42949,6,19, right
43034,8,22, right
43119,9,22, right
43204,5,18, right
43289,6,19, right
43374,8,21, right
43459,8,20, right
43544,6,17, right
43629,5,18, right
43714,8,21, right
43799,9,20, right
43886,6,17, right
43971,8,20, right
44056,8,21, right
44141,8,18, right
44226,6,17, right
44311,7,19, right
44396,9,20, right
44481,8,18, right
44566,6,16, right
44651,7,17, right
44736,9,19, right
44821,8,16, right
44906,5,13, right
44991,8,16, right
45076,10,20, right
45162,8,15, right
45247,6,13, right
45332,9,17, right
45417,9,18, right
45502,7,15, right
45587,5,14, right
45672,8,18, right
45757,10,19, right
45843,8,16, right
45930,7,17, right
46015,10,19, right
46101,9,18, right
46186,6,16, right
46271,7,18, right
46356,11,20, right
46442,8,17, right
46527,6,16, right
46612,9,19, right
46697,10,19, right
46783,7,15, right
46868,6,15, right
46953,9,19, right
47038,10,19, right
47124,6,15, right
47209,6,15, right
47294,10,17, right
47380,9,16, right
47465,6,14, right
47550,8,16, right
47635,10,19, right
47721,8,16, right
47806,6,14, right
47891,8,17, right
47978,11,18, right
48064,6,14, right
48149,7,15, right
48234,9,18, right
48319,9,16, right
48404,7,14, right
48489,7,15, right
48574,10,17, right
48660,9,16, right
48745,7,13, right
48830,8,14, right
48915,10,16, right
49001,8,15, right
49086,6,12, right
49171,8,14, right
49256,10,16, right
49342,9,14, right
49427,7,13, right
49512,9,16, right
49597,10,18, right
49683,7,14, right
49768,7,14, right
49853,10,17, right
49939,10,17, right
50027,7,13, right
50112,9,16, right
50197,11,17, right
50283,8,14, right
50368,8,14, right
50453,10,16, right
50539,9,16, right
50624,8,14, right
50709,8,14, right
50794,10,17, right
50880,9,16, right
50965,7,14, right
51050,9,16, right
51135,10,17, right
51221,9,15, right
51306,7,14, right
51391,9,15, right
51476,11,17, right
51562,8,14, right
51647,7,13, right
51732,10,16, right
51818,11,16, right
51904,8,13, right
51989,8,14, right
52076,11,16, right
52162,8,13, right
52247,7,13, right
52332,11,15, right
52418,11,16, right
52504,8,13, right
52589,8,14, right
52674,11,16, right
52760,10,14, right
52846,8,13, right
52931,10,15, right
53017,11,16, right
53103,8,13, right
53188,8,13, right
53273,11,16, right
53359,10,15, right
53445,7,12, right
53530,9,14, right
53615,11,16, right
53701,9,14, right
53786,8,13, right
53871,10,16, right
53957,11,16, right
54043,8,13, right
54130,10,14, right
54216,11,15, right
54302,9,14, right
54387,8,13, right
54472,11,15, right
54558,11,15, right
54644,8,12, right
54729,8,14, right
54814,11,15, right
54900,10,14, right
54986,8,12, right
55071,10,14, right
55157,11,15, right
55243,8,12, right
55328,9,13, right
55413,11,15, right
55499,10,14, right
55585,8,13, right
55670,10,14, right
55756,12,14, right
55842,8,12, right
55927,9,12, right
56012,11,15, right
56098,11,14, right
56186,9,12, right
56271,11,14, right
56357,10,15, right
56443,8,12, right
56528,9,14, right
56613,12,15, right
56699,11,14, right
56785,7,12, right
56870,10,14, right
56956,11,15, right
57042,8,12, right
57127,9,13, right
57212,11,15, right
57298,11,14, right
57384,8,12, right
57469,11,14, right
57555,12,15, right
57641,9,12, right
57726,9,12, right
57811,11,15, right
57897,12,14, right
57983,8,12, right
58068,10,13, right
58154,12,15, right
58238,10,13, right
58324,8,12, right
58409,10,13, right
58495,10,14, right
58581,9,11, right
58666,9,11, right
58751,11,13, right
58837,11,12, right
58923,5,9, right
59007,9,10, right
59092,12,12, middle
59178,10,11, right
59264,8,10, right
59349,11,12, right
59435,12,13, right
59521,9,11, right
59606,8,11, right
59691,11,14, right
59777,11,13, right
59863,9,11, right
59948,9,12, right
0,81,11, left
82,24,10, left
165,58,10, left
249,143,9, left
333,168,6, left
417,92,5, left
499,5,5, middle
581,0,7, right
663,0,9, right
745,30,11, left
829,14,10, left
913,0,10, right
996,0,9, right
1078,0,10, right
1162,0,12, right
1246,0,11, right
1330,0,9, right
1413,4,9, right
1496,94,12, left
1581,107,11, left
1667,0,5, right
1752,0,2, right
1835,0,4, right
1917,45,8, left
2001,58,10, left
2086,6,10, right
2170,0,8, right
2253,0,8, right
2336,12,8, left
2420,170,11, left
2506,278,12, left
2592,174,9, left
2677,49,10, left
2762,38,14, left
2847,76,12, left
2932,114,12, left
3018,94,14, left
3103,56,14, left
3188,54,11, left
3273,67,10, left
3358,64,13, left
3443,43,14, left
3528,31,11, left
3613,39,11, left
3698,47,14, left
3783,32,14, left
3868,18,11, left
3955,27,12, left
4040,37,14, left
4125,33,13, left
4210,4,11, right
4294,4,12, right
4378,44,14, left
4463,78,14, left
4548,29,12, left
4633,0,12, right
4717,0,14, right
4801,15,14, left
4886,7,12, right
4970,0,12, right
5054,0,13, right
5138,9,14, right
5222,10,14, right
5307,3,12, right
5391,0,11, right
5475,1,14, right
5559,11,14, right
5644,12,13, right
5729,9,11, right
5813,8,13, right
5897,12,14, right
5982,12,13, right
6069,8,11, right
6153,9,13, right
6237,13,14, right
6322,13,13, middle
6407,9,11, right
6491,7,12, right
6575,11,14, right
6660,13,14, right
6745,10,11, right
6830,9,11, right
6914,10,13, right
6999,15,14, left
7084,12,12, middle
7169,10,11, right
7254,13,13, middle
7339,20,14, left
7424,12,12, middle
7509,1,11, right
7593,0,12, right
7677,0,14, right
7761,16,13, left
7846,33,10, left
7931,37,11, left
8016,34,13, left
8101,4,12, right
8187,0,10, right
8271,2,12, right
8355,13,14, right
8440,23,12, left
8525,18,11, left
8610,17,12, left
8695,0,15, right
8779,0,14, right
8863,22,12, left
8948,24,11, left
9033,13,13, middle
9118,2,13, right
9202,22,12, left
9287,35,11, left
9372,28,14, left
9457,13,14, right
9542,4,12, right
9626,11,11, middle
9711,13,13, middle
9796,5,14, right
9880,0,13, right
9964,5,11, right
10048,14,12, left
10134,15,14, left
10220,8,12, right
10307,4,11, right
10392,11,14, right
10478,16,13, left
10564,7,11, right
10649,8,12, right
10734,16,14, left
10820,11,12, right
10906,8,11, right
10991,11,13, right
11077,13,14, right
11163,10,11, right
11249,10,13, right
11335,23,14, left
11421,19,11, left
11507,4,11, right
11592,2,14, right
11677,8,13, right
11762,14,11, left
11848,9,12, right
11933,8,14, right
12018,8,12, right
12103,9,11, right
12188,10,12, right
12274,13,14, right
12362,5,11, right
12447,9,12, right
12532,13,14, right
12618,10,12, right
12704,8,11, right
12789,12,13, right
12875,13,13, middle
12961,10,11, right
13047,12,11, left
13133,0,14, right
13218,0,12, right
13303,0,10, right
13388,6,11, right
13473,0,13, right
13558,0,11, right
13643,0,9, right
13727,0,10, right
13812,3,12, right
13897,0,11, right
13982,0,10, right
14067,5,10, right
14152,44,11, left
14238,39,9, left
14323,0,8, right
14407,2,10, right
14494,37,11, left
14580,29,9, left
14665,11,10, left
14751,15,12, left
14837,19,11, left
14923,0,9, right
15007,0,11, right
15092,13,13, middle
15178,26,12, left
15264,3,11, right
15349,6,13, right
15434,21,14, left
15520,14,11, left
15606,9,11, right
15691,13,13, middle
15777,15,13, left
15863,8,10, right
15948,9,12, right
16033,11,14, right
16119,11,12, right
16205,10,10, middle
16291,13,13, middle
16377,15,12, left
16463,14,10, left
16551,12,13, right
16637,7,13, right
16722,8,10, right
16807,12,11, left
16893,12,13, right
16979,10,12, right
17065,7,10, right
17150,9,12, right
17235,15,13, left
17321,11,10, left
17407,9,11, right
17492,14,13, left
17578,13,12, left
17664,8,10, right
17749,11,12, right
17835,13,13, middle
17921,10,11, right
18007,10,10, middle
18093,15,13, left
18179,13,12, left
18265,9,10, right
18350,11,12, right
18436,14,13, left
18524,10,10, middle
18610,11,12, right
18696,12,13, right
18782,11,10, left
18868,13,11, left
18954,13,13, middle
19040,10,12, right
19126,10,10, middle
19212,13,13, middle
19298,13,12, left
19384,7,10, right
19469,13,11, left
19555,16,14, left
19641,10,11, right
19727,8,10, right
19812,14,13, left
19898,13,12, left
19984,9,10, right
20069,11,11, middle
20155,15,13, left
20241,11,11, middle
20327,8,10, right
20412,13,12, left
20498,14,13, left
20586,8,10, right
20671,12,12, middle
20757,14,13, left
20843,12,10, left
20929,10,11, right
21015,14,13, left
21101,11,11, middle
21187,11,10, left
21273,15,13, left
21359,14,12, left
21445,8,10, right
21530,11,11, middle
21616,15,13, left
21702,12,11, left
21788,9,10, right
21873,11,12, right
21959,15,12, left
22045,10,10, middle
22131,10,11, right
22217,14,13, left
22303,12,11, left
22389,9,10, right
22474,12,13, right
22560,14,12, left
22648,11,10, left
22734,12,13, right
22820,13,12, left
22906,11,10, left
22992,11,12, right
23078,14,13, left
23164,12,11, left
23250,11,10, left
23336,13,13, middle
23422,12,12, middle
23508,11,10, left
23594,13,12, left
23680,13,13, middle
23766,10,10, middle
23852,12,11, left
23938,15,13, left
24024,11,11, middle
24110,9,10, right
24195,12,12, middle
24281,14,13, left
24367,10,10, middle
24453,11,11, middle
24539,14,13, left
24627,10,10, middle
24713,11,11, middle
24799,14,13, left
24885,12,11, left
24971,10,10, middle
25057,13,13, middle
25143,14,12, left
25229,9,10, right
25314,11,11, middle
25400,14,13, left
25486,11,11, middle
25572,9,10, right
25657,13,13, middle
25743,15,12, left
25829,10,10, middle
25915,11,12, right
26001,13,13, middle
26087,11,10, left
26173,9,10, right
26258,13,13, middle
26344,14,12, left
26430,10,10, middle
26516,11,12, right
26602,13,13, middle
26690,9,10, right
26775,11,11, middle
26861,15,13, left
26947,12,10, left
27033,10,10, middle
27119,14,13, left
27205,14,12, left
27291,11,10, left
27377,13,12, left
27463,16,12, left
27549,12,10, left
27635,12,11, left
27721,16,13, left
27807,12,11, left
27893,9,10, right
27978,13,12, left
28064,15,12, left
28150,10,10, middle
28236,10,11, right
28322,13,13, middle
28408,11,11, middle
28494,10,10, middle
28580,12,13, right
28668,11,11, middle
28754,10,10, middle
28840,14,13, left
28926,13,12, left
29012,10,10, middle
29098,13,12, left
29184,15,13, left
29270,9,10, right
29355,9,10, right
29440,13,13, middle
29526,14,12, left
29612,11,10, left
29698,10,12, right
29784,13,13, middle
29870,10,10, middle
29956,10,11, right
30042,14,13, left
30128,14,11, left
30214,9,10, right
30299,11,12, right
30385,14,13, left
30471,11,10, left
30557,11,11, middle
30643,15,13, left
30731,10,10, middle
30817,11,11, middle
30903,14,13, left
30989,12,11, left
31075,10,10, middle
31161,13,12, left
31247,15,12, left
31333,17,10, left
31419,16,11, left
31505,11,12, right
31591,24,10, left
31677,45,10, left
31763,39,12, left
31849,20,10, left
31935,22,8, left
32020,53,10, left
32106,80,10, left
32192,40,6, left
32277,0,6, right
32361,0,6, right
32445,0,5, right
32529,0,2, right
32613,0,0, middle
32697,0,0, middle
32783,0,0, middle
32867,0,0, middle
32951,0,0, middle
33035,0,0, middle
33119,0,0, middle
33203,0,40, right
33288,0,152, right
33374,0,134, right
33460,0,85, right
33545,0,68, right
33630,1,95, right
33715,6,144, right
33801,11,169, right
33888,10,170, right
33975,2,142, right
34061,3,120, right
34147,4,121, right
34233,7,124, right
34319,6,98, right
34404,0,40, right
34489,0,0, middle
34573,0,0, middle
34657,0,0, middle
34741,6,6, middle
34827,17,51, right
34913,20,155, right
35000,13,184, right
35087,0,127, right
35173,0,101, right
35259,0,110, right
35345,3,127, right
35431,3,119, right
35517,0,89, right
35602,1,73, right
35687,7,80, right
35772,12,94, right
35858,5,86, right
35943,1,66, right
36028,4,54, right
36113,7,62, right
36198,10,80, right
36284,14,86, right
36370,14,73, right
36456,8,60, right
36541,11,60, right
36627,17,61, right
36713,11,47, right
36799,4,28, right
36886,8,18, right
36971,14,26, right
37057,9,43, right
37142,6,51, right
37227,0,57, right
37312,0,47, right
37397,0,19, right
37482,0,17, right
37567,4,39, right
37652,7,37, right
37737,4,32, right
37822,2,25, right
37907,2,18, right
37992,6,27, right
38077,3,27, right
38162,0,20, right
38247,0,29, right
38332,2,31, right
38417,0,22, right
38502,3,22, right
38587,8,28, right
38672,8,28, right
38757,2,20, right
38842,1,16, right
38929,4,23, right
39014,1,25, right
39099,0,21, right
39184,0,20, right
39269,0,14, right
39354,1,9, right
39438,0,13, right
39523,9,28, right
39608,14,34, right
39694,10,26, right
39780,6,19, right
39865,9,25, right
39950,11,29, right
40036,7,24, right
40121,5,22, right
40206,8,26, right
40291,8,27, right
40376,5,25, right
40461,4,24, right
40546,7,25, right
40631,9,26, right
40716,7,24, right
40801,5,22, right
40886,8,24, right
40973,9,26, right
41058,6,22, right
41143,6,22, right
41228,9,26, right
41313,9,25, right
41398,6,21, right
41483,6,22, right
41568,10,24, right
41654,8,23, right
41739,6,20, right
41824,7,21, right
41909,9,24, right
41994,10,23, right
42080,6,20, right
42165,7,22, right
42250,10,24, right
42336,8,22, right
42421,5,19, right
42506,7,21, right
42591,11,24, right
42677,7,20, right
42762,6,20, right
42847,9,23, right
42932,10,22, right
43020,6,19, right
43105,8,21, right
43190,10,22, right
43276,9,21, right
43361,6,19, right
43446,8,21, right
43531,11,22, right
43617,9,20, right
43702,7,18, right
43787,9,21, right
43872,11,22, right
43958,8,19, right
44043,7,19, right
44128,10,21, right
44214,10,21, right
44300,7,18, right
44385,8,19, right
44470,10,22, right
44556,9,20, right
44641,6,18, right
44726,8,19, right
44811,11,21, right
44897,9,20, right
44982,7,18, right
45069,10,20, right
45155,10,20, right
45241,8,18, right
45326,8,18, right
45411,11,21, right
45497,10,19, right
45583,7,17, right
45668,9,19, right
45753,11,20, right
45839,9,18, right
45924,7,16, right
46009,9,19, right
46094,11,20, right
46180,8,17, right
46265,8,17, right
46350,11,19, right
46436,11,19, right
46522,8,16, right
46607,8,18, right
46692,12,20, right
46778,10,18, right
46864,7,16, right
46949,10,18, right
47035,11,19, right
47123,8,16, right
47208,9,17, right
47293,12,19, right
47379,10,17, right
47465,8,16, right
47550,11,18, right
47636,11,18, right
47722,8,16, right
47807,9,17, right
47892,12,19, right
47978,11,17, right
48064,7,15, right
48149,9,18, right
48234,12,18, right
48320,9,16, right
48405,8,16, right
48490,11,18, right
48576,11,18, right
48662,8,15, right
48747,9,16, right
48832,12,18, right
48918,11,17, right
49004,8,14, right
49089,10,17, right
49177,11,17, right
49263,8,14, right
49348,10,16, right
49434,12,18, right
49520,9,16, right
49605,8,15, right
49690,11,17, right
49776,12,17, right
49862,8,15, right
49947,9,15, right
50032,12,18, right
50118,11,16, right
50204,8,14, right
50289,10,16, right
50375,12,18, right
50461,9,15, right
50546,9,15, right
50631,11,17, right
50717,12,17, right
50803,7,14, right
50888,10,15, right
50974,12,15, right
51060,9,11, right
51145,8,10, right
51232,12,13, right
51318,11,12, right
51404,8,10, right
51489,10,12, right
51575,12,13, right
51661,9,12, right
51746,8,13, right
51831,11,15, right
51917,11,15, right
52003,8,13, right
52088,9,15, right
52173,12,17, right
52259,10,15, right
52345,8,13, right
52430,11,16, right
52516,12,16, right
52602,9,13, right
52687,9,14, right
52772,11,16, right
52858,11,15, right
52944,8,13, right
53029,10,15, right
53115,13,16, right
53201,9,14, right
53284,9,13, right
53369,11,15, right
53455,12,16, right
53541,9,13, right
53626,9,14, right
53711,12,16, right
53797,12,15, right
53883,9,14, right
53968,10,14, right
54054,13,16, right
54140,10,14, right
54226,9,13, right
54311,12,16, right
54397,12,15, right
54483,9,13, right
54568,9,14, right
54653,12,16, right
54739,11,14, right
54825,9,13, right
54910,11,15, right
54996,12,16, right
55082,9,13, right
55167,9,13, right
55254,13,16, right
55340,11,14, right
55426,9,13, right
55511,12,15, right
55597,12,15, right
55683,8,12, right
55768,10,14, right
55854,11,16, right
55940,11,14, right
56026,9,13, right
56111,11,15, right
56197,12,15, right
56283,9,12, right
56368,10,13, right
56454,13,16, right
56540,10,13, right
56626,8,12, right
56711,11,15, right
56797,12,15, right
56883,8,12, right
56968,9,13, right
57053,13,15, right
57139,11,14, right
57225,7,12, right
57312,11,15, right
57398,12,14, right
57484,8,12, right
57569,10,13, right
57655,12,15, right
57741,9,12, right
57826,8,12, right
57911,12,14, right
57997,11,14, right
58083,9,12, right
58168,9,13, right
58253,11,15, right
58339,11,14, right
58425,8,12, right
58510,10,14, right
58596,12,15, right
58682,9,12, right
58767,9,12, right
58852,12,14, right
58938,12,14, right
59024,8,12, right
59109,9,13, right
59194,12,15, right
59280,11,13, right
59368,9,12, right
59453,12,14, right
59539,11,13, right
59625,8,11, right
59710,10,13, right
59796,12,15, right
59882,9,12, right
59967,10,11, right
0,14,11, left
84,11,10, left
167,9,9, middle
249,10,8, left
332,11,8, left
414,12,9, left
497,15,10, left
581,16,9, left
664,15,7, left
746,12,6, left
829,9,5, left
910,6,4, left
992,24,5, left
1075,56,6, left
1159,134,6, left
1244,249,7, left
1329,242,6, left
1414,139,6, left
1499,25,8, left
1583,30,8, left
1667,95,5, left
1751,164,5, left
1836,154,7, left
1921,92,8, left
2005,54,6, left
2089,69,4, left
2173,121,5, left
2258,135,7, left
2343,105,7, left
2430,69,4, left
2514,52,6, left
2598,89,8, left
2682,92,9, left
2766,80,8, left
2850,88,6, left
2934,110,5, left
3019,141,6, left
3104,138,7, left
3189,97,5, left
3273,40,6, left
3357,7,8, right
3440,20,9, left
3524,64,11, left
3609,105,8, left
3694,53,4, left
3778,0,6, left
3861,0,7, left
3944,6,9, right
4026,13,8, left
4110,8,6, left
4193,0,4, left
4276,0,6, left
4358,0,6, left
4441,0,7, left
4523,4,6, right
4606,21,6, left
4692,73,4, left
4776,210,5, left
4861,289,7, left
4946,169,4, left
5031,0,5, left
5113,3,7, right
5195,46,7, left
5278,139,9, left
5363,113,9, left
5448,32,8, left
5532,0,8, left
5614,47,8, left
5697,58,7, left
5781,1,9, right
5864,0,9, left
5946,2,10, right
6029,40,9, left
6113,60,6, left
6197,45,6, left
6281,13,9, left
6365,25,10, left
6450,46,8, left
6534,33,6, left
6618,22,7, left
6702,23,9, left
6786,28,10, left
6873,29,7, left
6957,24,6, left
7041,19,8, left
7125,25,10, left
7210,28,9, left
7294,17,7, left
7378,0,8, left
7461,0,9, left
7544,0,10, left
7628,0,10, left
7712,27,8, left
7796,43,5, left
7880,56,6, left
7964,74,7, left
8048,107,7, left
8133,92,5, left
8217,72,3, left
8301,68,3, left
8385,61,6, left
8469,43,8, left
8553,25,7, left
8637,22,6, left
8721,33,7, left
8805,30,9, left
8889,21,11, left
8974,7,9, right
9056,7,8, right
9141,10,8, left
9225,19,10, left
9310,24,10, left
9395,0,9, left
9478,0,8, left
9561,4,8, right
9643,17,8, left
9727,22,10, left
9812,19,10, left
9897,12,8, left
9981,13,8, left
10065,25,9, left
10150,15,10, left
10236,0,8, left
10320,2,8, right
10404,17,8, left
10489,14,10, left
10575,2,9, right
10659,3,8, right
10743,13,8, left
10828,19,10, left
10914,15,10, left
11000,10,8, left
11085,12,9, left
11170,17,10, left
11256,16,9, left
11343,12,8, left
11428,16,10, left
11514,17,10, left
11600,12,8, left
11685,13,8, left
11770,17,10, left
11856,17,9, left
11941,13,7, left
12026,13,9, left
12111,17,11, left
12197,17,9, left
12282,13,7, left
12367,14,9, left
12452,19,10, left
12538,17,9, left
12623,13,8, left
12708,15,9, left
12793,18,10, left
12879,15,9, left
12964,13,8, left
13049,16,10, left
13135,19,10, left
13221,15,8, left
13306,13,8, left
13391,17,10, left
13479,17,9, left
13564,13,7, left
13649,14,9, left
13734,19,11, left
13820,17,9, left
13905,19,8, left
13990,22,10, left
14076,42,11, left
14162,43,8, left
14247,19,7, left
14332,18,10, left
14418,26,10, left
14504,12,8, left
14589,1,9, right
14673,10,11, right
14759,21,10, left
14845,20,8, left
14930,19,9, left
15015,18,11, left
15101,14,10, left
15187,13,8, left
15272,16,10, left
15358,19,11, left
15444,16,8, left
15529,15,8, left
15616,19,11, left
15702,18,10, left
15788,18,8, left
15873,20,10, left
15959,26,11, left
16045,38,8, left
16130,87,7, left
16215,82,9, left
16300,43,9, left
16385,18,8, left
16470,0,7, left
16554,0,9, left
16638,0,8, left
16722,0,7, left
16806,0,6, left
16890,0,5, left
16974,0,8, left
17058,32,12, left
17144,73,12, left
17230,83,10, left
17316,119,11, left
17403,160,9, left
17489,139,5, left
17575,97,5, left
17660,59,7, left
17745,0,6, left
17831,0,6, left
17915,49,9, left
18000,146,9, left
18086,191,6, left
18172,140,4, left
18258,74,8, left
18343,40,10, left
18429,37,8, left
18514,61,9, left
18599,54,10, left
18685,20,10, left
18771,0,8, left
18855,7,9, right
18939,25,10, left
19025,20,10, left
19111,6,8, right
19195,5,9, right
19279,7,11, right
19364,23,11, left
19450,25,8, left
19535,5,9, right
19619,0,11, left
19704,2,12, right
19789,5,10, right
19874,6,9, right
19960,21,12, left
20046,17,11, left
20132,0,9, left
20216,4,10, right
20301,16,11, left
20387,13,11, left
20473,6,9, right
20557,7,10, right
20642,13,12, left
20728,15,11, left
20814,7,9, right
20898,4,10, right
20983,10,12, right
21069,15,11, left
21155,12,9, left
21240,13,11, left
21326,15,12, left
21412,15,9, left
21497,16,9, left
21582,26,11, left
21668,26,10, left
21754,18,8, left
21839,18,9, left
21924,18,11, left
22010,17,10, left
22098,19,8, left
22183,16,11, left
22269,21,10, left
22355,17,8, left
22440,9,9, middle
22524,10,11, right
22610,12,10, left
22696,12,8, left
22781,16,10, left
22867,17,11, left
22953,14,9, left
23038,13,8, left
23123,15,10, left
23209,16,11, left
23295,12,9, left
23380,13,9, left
23465,18,11, left
23551,17,10, left
23637,12,8, left
23722,14,10, left
23808,19,11, left
23894,15,9, left
23979,13,8, left
24064,14,10, left
24152,16,10, left
24238,15,8, left
24323,15,10, left
24409,17,12, left
24495,14,9, left
24580,13,9, left
24665,15,11, left
24751,15,11, left
24837,10,9, left
24922,13,9, left
25007,20,11, left
25093,17,10, left
25179,7,8, right
25263,0,10, left
25348,13,12, left
25434,25,11, left
25520,8,9, right
25604,0,10, left
25689,11,12, right
25775,17,10, left
25861,9,9, middle
25945,8,10, right
26030,14,12, left
26116,15,10, left
26202,12,9, left
26289,14,12, left
26375,14,11, left
26461,13,9, left
26546,14,10, left
26632,16,12, left
26718,13,10, left
26804,12,9, left
26889,15,11, left
26975,15,11, left
27061,12,9, left
27146,12,10, left
27232,17,12, left
27318,15,10, left
27404,11,9, left
27489,15,11, left
27575,17,12, left
27661,12,9, left
27746,12,10, left
27832,16,12, left
27918,16,10, left
28004,12,9, left
28089,14,11, left
28175,17,12, left
28261,14,9, left
28346,12,9, left
28433,17,12, left
28519,16,10, left
28605,15,8, left
28690,17,10, left
28776,16,11, left
28862,12,9, left
28947,13,10, left
29033,18,12, left
29119,15,11, left
29205,14,9, left
29290,16,10, left
29376,15,12, left
29462,13,10, left
29548,16,10, left
29634,23,12, left
29720,24,10, left
29806,24,7, left
29891,39,8, left
29976,70,8, left
30061,101,4, left
30147,66,1, left
30232,0,1, left
30316,0,0, middle
30400,0,0, middle
30484,0,0, middle
30570,0,0, middle
30654,0,3, left
30738,0,47, left
30823,0,50, left
30908,0,26, left
30993,0,64, left
31078,0,122, left
31164,0,143, left
31250,0,108, left
31336,0,84, left
31421,0,81, left
31506,0,103, left
31592,1,119, right
31678,0,128, left
31764,0,119, left
31850,0,105, left
31936,3,79, right
32021,14,40, right
32107,2,7, right
32191,0,0, middle
32275,0,45, left
32360,7,102, right
32446,17,107, right
32533,10,75, right
32621,0,12, left
32706,0,2, left
32790,0,26, left
32875,3,49, right
32960,7,63, right
33045,3,40, right
33130,0,29, left
33215,3,43, right
33300,10,54, right
33386,4,48, right
33471,2,40, right
33556,7,42, right
33641,7,39, right
33726,2,34, right
33811,0,24, left
33896,0,21, left
33981,0,20, left
34066,0,30, left
34151,3,57, right
34236,15,80, right
34322,16,62, right
34408,10,10, middle
34494,14,1, left
34579,16,16, middle
34665,10,24, right
34753,0,22, left
34838,0,47, left
34923,0,38, left
35008,0,22, left
35093,0,20, left
35178,4,24, right
35263,6,23, right
35348,2,22, right
35433,2,46, right
35518,5,62, right
35603,3,56, right
35688,0,39, left
35773,0,24, left
35858,0,11, left
35943,4,6, right
36027,7,17, right
36112,8,24, right
36197,7,20, right
36282,10,22, right
36368,9,18, right
36453,7,12, right
36538,7,12, right
36623,9,26, right
36708,8,34, right
36793,2,15, right
36880,5,8, right
36964,11,15, right
37050,9,21, right
37135,6,21, right
37220,6,16, right
37305,8,19, right
37390,6,16, right
37475,4,14, right
37560,6,15, right
37645,7,20, right
37730,5,17, right
37815,4,17, right
37900,7,19, right
37985,9,20, right
38070,7,17, right
38155,5,16, right
38240,8,18, right
38325,9,20, right
38410,7,18, right
38495,5,13, right
38580,6,14, right
38665,8,16, right
38750,7,14, right
38835,5,10, right
38922,7,14, right
39007,8,17, right
39092,7,14, right
39177,5,12, right
39262,7,14, right
39347,8,17, right
39432,7,15, right
39517,5,12, right
39602,7,15, right
39687,9,18, right
39772,8,15, right
39857,5,12, right
39942,7,15, right
40027,10,16, right
40113,6,14, right
40198,5,13, right
40283,8,15, right
40368,9,17, right
40453,7,15, right
40538,5,14, right
40623,7,16, right
40708,9,17, right
40793,7,16, right
40878,5,14, right
40965,8,16, right
41050,9,17, right
41135,7,14, right
41220,6,14, right
41305,8,16, right
41390,9,17, right
41475,7,14, right
41560,6,14, right
41645,8,16, right
41730,9,16, right
41815,7,14, right
41900,6,13, right
41985,8,15, right
42070,9,16, right
42155,7,14, right
42240,6,13, right
42325,8,14, right
42410,10,16, right
42496,6,13, right
42581,6,12, right
42666,8,14, right
42751,10,15, right
42837,6,13, right
42922,6,13, right
43007,9,15, right
43094,9,14, right
43179,6,12, right
43264,7,13, right
43349,9,15, right
43434,9,15, right
43519,6,12, right
43604,7,14, right
43689,8,16, right
43774,10,15, right
43860,6,13, right
43945,7,14, right
44030,10,16, right
44116,8,14, right
44201,6,13, right
44286,8,15, right
44371,10,16, right
44457,8,14, right
44542,8,16, right
44627,9,18, right
44712,11,22, right
44798,9,18, right
44883,7,15, right
44968,9,15, right
45053,12,17, right
45141,7,12, right
45226,7,10, right
45311,10,13, right
45397,8,13, right
45482,7,11, right
45567,8,12, right
45652,10,14, right
45738,8,12, right
45823,6,11, right
45908,8,12, right
45993,10,14, right
46079,8,12, right
46164,6,11, right
46249,9,13, right
46334,9,14, right
46419,8,12, right
46504,6,10, right
46589,8,12, right
46674,9,14, right
46759,7,12, right
46844,5,11, right
46929,9,13, right
47014,10,15, right
47100,7,12, right
47187,7,11, right
47272,9,14, right
47357,9,14, right
47442,6,11, right
47527,6,9, right
47611,8,11, right
47696,9,13, right
47781,7,12, right
47866,6,11, right
47951,8,13, right
48036,9,14, right
48121,6,12, right
48206,6,11, right
48291,8,14, right
48376,10,15, right
48462,7,12, right
48547,6,13, right
48632,10,15, right
48718,9,14, right
48803,6,12, right
48888,7,12, right
48973,9,13, right
49058,9,13, right
49143,7,11, right
49230,7,12, right
49315,10,13, right
49401,8,12, right
49486,5,10, right
49571,8,11, right
49656,9,13, right
49741,8,12, right
49826,6,10, right
49911,7,11, right
49996,10,13, right
50082,8,12, right
50167,6,10, right
50252,7,11, right
50337,11,13, right
50423,8,11, right
50508,6,10, right
50593,7,12, right
50678,10,13, right
50764,8,12, right
50849,6,10, right
50934,8,13, right
51019,10,14, right
51105,7,12, right
51190,6,10, right
51277,10,15, right
51363,9,14, right
51448,6,11, right
51533,7,12, right
51618,10,15, right
51704,8,13, right
51789,6,12, right
51874,7,14, right
51959,10,15, right
52045,7,13, right
52130,6,12, right
52215,8,14, right
52300,10,16, right
52386,7,13, right
52471,7,12, right
52556,9,14, right
52641,10,14, right
52727,7,12, right
52812,6,11, right
52897,9,14, right
52982,10,15, right
53068,6,12, right
53153,7,12, right
53238,10,14, right
53326,9,13, right
53411,6,11, right
53496,9,12, right
53581,10,14, right
53667,8,11, right
53752,5,10, right
53837,9,11, right
53922,11,13, right
54008,8,10, right
54093,6,10, right
54178,9,12, right
54263,10,13, right
54349,7,10, right
54434,6,10, right
54519,10,12, right
54605,10,12, right
54691,7,10, right
54776,7,10, right
54861,10,12, right
54947,10,12, right
55033,6,10, right
55118,8,11, right
55203,10,13, right
55289,8,11, right
55376,7,11, right
55461,11,13, right
55547,9,12, right
55632,8,10, right
55717,7,11, right
55802,10,14, right
55888,9,13, right
55973,7,11, right
56058,8,12, right
56143,11,14, right
56229,8,12, right
56314,7,11, right
56399,9,12, right
56484,11,14, right
56570,8,12, right
56655,7,11, right
56740,9,13, right
56825,11,14, right
56911,8,12, right
56996,7,11, right
57081,8,13, right
57166,10,14, right
57252,7,11, right
57337,7,11, right
57422,9,13, right
57505,11,14, right
57591,9,12, right
57676,5,10, right
57761,9,12, right
57846,11,14, right
57932,8,11, right
58017,7,10, right
58102,9,12, right
58187,10,13, right
58273,8,11, right
58358,7,10, right
58443,10,12, right
58529,10,13, right
58615,8,10, right
58700,8,11, right
58785,10,13, right
58871,10,12, right
58957,7,10, right
59042,9,12, right
59127,11,13, right
59213,8,11, right
59298,8,10, right
59383,10,12, right
59471,10,12, right
59557,7,10, right
59642,9,11, right
59727,11,13, right
59813,9,12, right
59898,7,10, right
59983,9,11, right
0,13,8, left
83,9,8, left
165,10,7, left
249,8,6, left
332,9,7, left
415,11,9, left
499,12,9, left
584,10,7, left
668,9,6, left
751,9,7, left
835,12,9, left
919,14,9, left
1003,13,7, left
1089,10,6, left
1175,14,8, left
1261,15,7, left
1346,13,5, left
1431,10,5, left
1516,19,6, left
1602,19,7, left
1688,16,5, left
1773,12,6, left
1858,66,7, left
1944,68,6, left
2030,74,5, left
2118,84,9, left
2203,85,8, left
2289,72,6, left
2374,33,8, left
2459,56,10, left
2545,72,10, left
2632,167,9, left
2719,213,11, left
2807,110,9, left
2894,93,9, left
2979,105,11, left
3067,97,8, left
3153,89,8, left
3238,80,10, left
3325,52,7, left
3410,16,6, left
3495,5,8, right
3579,18,10, left
3666,38,7, left
3751,55,7, left
3837,88,11, left
3923,103,10, left
4011,99,7, left
4097,75,10, left
4184,69,9, left
4269,32,6, left
4354,9,6, left
4441,14,8, left
4526,15,8, left
4611,0,9, left
4695,0,9, left
4779,0,8, left
4863,0,6, left
4947,0,6, left
5031,34,5, left
5116,12,8, left
5201,0,11, left
5286,0,9, left
5370,0,7, left
5454,57,7, left
5540,202,9, left
5627,305,8, left
5714,178,7, left
5800,7,11, right
5885,15,11, left
5972,32,9, left
6057,64,10, left
6144,47,10, left
6231,7,8, right
6315,4,8, right
6399,5,10, right
6485,3,10, right
6571,0,8, left
6655,1,8, right
6737,8,9, right
6821,0,10, left
6907,12,8, left
6993,20,7, left
7078,0,9, left
7162,0,11, left
7247,4,9, right
7331,19,8, left
7417,20,9, left
7502,13,10, left
7589,10,8, left
7674,13,8, left
7759,18,10, left
7846,13,10, left
7933,7,7, middle
8018,14,9, left
8103,19,11, left
8189,13,8, left
8274,8,8, middle
8358,13,9, left
8443,17,11, left
8530,12,8, left
8615,9,8, left
8699,13,10, left
8786,17,10, left
8873,15,8, left
8961,28,11, left
9048,28,10, left
9135,18,8, left
9220,35,10, left
9307,78,10, left
9394,76,6, left
9479,39,8, left
9564,21,8, left
9649,48,5, left
9734,60,4, left
9819,48,6, left
9905,29,8, left
9991,28,6, left
10076,36,7, left
10163,40,10, left
10251,13,8, left
10338,4,9, right
10423,7,12, right
10510,18,10, left
10598,18,9, left
10685,26,10, left
10773,18,7, left
10860,4,9, right
10945,3,10, right
11032,16,7, left
11119,27,8, left
11208,11,9, left
11295,5,7, right
11381,19,9, left
11468,22,9, left
11554,11,7, left
11641,10,10, middle
11729,15,9, left
11816,19,8, left
11903,21,10, left
11991,14,8, left
12078,17,8, left
12165,24,10, left
12253,15,7, left
12340,11,9, left
12427,14,10, left
12515,10,7, left
12602,17,10, left
12690,20,9, left
12777,15,7, left
12864,18,10, left
12952,20,8, left
13039,19,9, left
13126,7,12, right
13213,0,9, left
13298,11,9, left
13387,25,11, left
13475,21,7, left
13561,13,10, left
13649,15,10, left
13737,20,8, left
13823,19,11, left
13911,15,9, left
13998,15,9, left
14085,19,11, left
14173,13,8, left
14260,13,10, left
14348,18,11, left
14436,14,8, left
14523,17,11, left
14611,15,9, left
14697,12,8, left
14784,18,11, left
14872,14,9, left
14959,13,9, left
15046,17,11, left
15134,12,8, left
15221,19,10, left
15309,30,10, left
15397,20,8, left
15483,18,10, left
15573,15,8, left
15660,22,9, left
15747,34,11, left
15835,29,8, left
15922,30,10, left
16010,23,10, left
16098,18,8, left
16185,26,11, left
16273,22,8, left
16360,22,9, left
16447,25,11, left
16535,18,8, left
16622,21,10, left
16710,21,10, left
16798,17,8, left
16964,20,11, left
17051,19,10, left
17138,15,8, left
17224,19,11, left
17312,17,9, left
17398,15,8, left
17484,19,11, left
17571,17,10, left
17658,15,8, left
17744,17,11, left
17834,18,8, left
17920,22,9, left
18006,25,11, left
18093,17,9, left
18179,28,8, left
18265,45,11, left
18353,38,9, left
18439,29,8, left
18525,22,12, left
18612,13,11, left
18700,0,10, left
18786,0,13, left
18872,8,10, right
18958,17,9, left
19044,5,12, right
19130,0,12, left
19216,0,9, left
19301,0,10, left
19387,6,12, right
19473,2,10, right
19559,3,9, right
19644,9,12, right
19730,7,11, right
19816,3,9, right
19901,4,10, right
19990,9,12, right
20076,7,9, right
20161,9,10, right
20247,11,12, right
20335,8,9, right
20420,8,10, right
20506,12,12, middle
20593,9,10, right
20679,7,9, right
20764,11,11, middle
20851,12,11, left
20939,8,9, right
21024,10,11, right
21111,12,11, left
21198,8,9, right
21283,10,11, right
21371,11,11, middle
21458,8,9, right
21543,11,11, middle
21630,13,12, left
21717,8,9, right
21802,10,10, middle
21890,18,12, left
21977,15,9, left
22066,26,12, left
22153,25,10, left
22240,26,9, left
22326,30,11, left
22413,26,10, left
22500,12,8, left
22586,7,11, right
22672,10,10, middle
22759,1,9, right
22844,0,11, left
22930,0,12, left
23016,0,9, left
23101,8,10, right
23187,11,12, right
23274,5,10, right
23360,5,9, right
23445,10,12, right
23532,9,11, right
23618,5,9, right
23703,13,11, left
23790,21,12, left
23877,14,9, left
23963,17,10, left
24050,20,12, left
24137,20,9, left
24226,28,11, left
24314,19,9, left
24400,12,8, left
24486,14,11, left
24573,15,10, left
24661,7,9, right
24746,2,11, right
24832,0,10, left
24918,0,8, left
25003,5,9, right
25088,0,11, left
25174,0,10, left
25260,0,9, left
25345,4,11, right
25431,5,12, right
25517,0,9, left
25602,2,10, right
25688,5,12, right
25774,5,10, right
25860,8,9, right
25945,7,11, right
26031,5,12, right
26117,5,9, right
26202,8,9, right
26287,8,12, right
26376,5,9, right
26461,7,9, right
26546,10,11, right
26633,9,11, right
26719,5,9, right
26804,8,10, right
26890,11,12, right
26977,6,9, right
27062,7,9, right
27147,11,12, right
27234,9,10, right
27320,6,8, right
27405,9,11, right
27491,11,12, right
27578,7,9, right
27663,9,10, right
27749,11,12, right
27836,8,9, right
27921,7,9, right
28006,10,11, right
28093,12,11, left
28180,12,9, left
28266,19,11, left
28353,39,11, left
28440,58,8, left
28529,49,11, left
28616,32,8, left
28702,46,6, left
28788,38,7, left
28874,4,5, right
28959,0,3, left
29044,0,3, left
29129,0,3, left
29214,0,0, middle
29299,0,0, middle
29384,0,0, middle
29469,0,0, middle
29554,0,0, middle
29639,0,11, left
29725,0,19, left
29811,0,26, left
29897,0,29, left
29983,0,61, left
30069,0,102, left
30156,0,149, left
30243,0,171, left
30330,1,169, right
30417,0,154, left
30504,0,141, left
30592,0,136, left
30682,0,130, left
30769,2,132, right
30856,2,126, right
30944,2,114, right
31031,2,98, right
31117,0,74, left
31203,0,54, left
31289,2,40, right
31375,6,37, right
31461,17,15, left
31548,20,13, left
31635,5,0, right
31720,0,7, left
31805,16,54, right
31892,28,80, right
31979,1,32, right
32065,0,12, left
32151,0,39, left
32237,0,72, left
32323,0,75, left
32409,0,61, left
32495,0,57, left
32581,0,76, left
32667,0,86, left
32753,1,76, right
32842,0,61, left
32928,6,54, right
33014,7,27, right
33100,5,0, right
33185,11,0, right
33271,14,0, right
33357,8,4, left
33442,10,17, right
33529,18,46, right
33617,11,15, right
33705,2,0, right
33790,7,0, right
33875,11,10, left
33962,3,23, right
34048,0,44, left
34134,1,42, right
34220,0,41, left
34306,7,40, right
34392,9,26, right
34478,4,4, middle
34563,0,9, left
34648,0,35, left
34734,2,32, right
34820,0,14, left
34909,4,14, right
34995,6,17, right
35081,0,14, left
35167,0,13, left
35253,0,26, left
35339,0,19, left
35425,0,13, left
35511,0,16, left
35597,0,13, left
35683,0,10, left
35769,0,15, left
35855,0,16, left
35941,0,11, left
36027,0,12, left
36113,2,15, right
36199,3,18, right
36285,4,19, right
36371,6,18, right
36457,5,13, right
36543,0,12, left
36629,3,17, right
36715,4,19, right
36801,2,12, right
36887,2,10, right
36973,4,11, right
37062,0,8, left
37147,1,8, right
37232,4,12, right
37318,4,11, right
37404,1,8, right
37489,3,10, right
37575,5,11, right
37661,2,8, right
37746,2,9, right
37831,5,11, right
37917,5,11, right
38003,2,10, right
38089,4,12, right
38175,6,15, right
38261,4,12, right
38347,3,12, right
38433,6,14, right
38519,4,12, right
38605,2,11, right
38691,6,14, right
38777,5,13, right
38863,2,10, right
38949,5,12, right
39035,6,14, right
39121,3,10, right
39210,5,12, right
39296,7,14, right
39382,3,10, right
39468,4,14, right
39554,7,15, right
39640,5,14, right
39726,3,13, right
39812,7,13, right
39898,6,15, right
39984,5,12, right
40070,5,14, right
40156,6,16, right
40242,4,14, right
40328,5,15, right
40414,8,17, right
40500,6,15, right
40586,4,12, right
40672,7,14, right
40758,8,14, right
40844,4,11, right
40930,6,13, right
41016,8,13, right
41102,5,10, right
41188,6,11, right
41277,7,13, right
41363,5,10, right
41449,5,12, right
41535,8,15, right
41621,6,11, right
41707,4,10, right
41793,8,14, right
41879,6,14, right
41965,4,10, right
42051,7,12, right
42137,9,15, right
42223,6,13, right
42309,5,12, right
42395,8,15, right
42481,6,12, right
42567,3,10, right
42653,8,16, right
42739,8,15, right
42825,5,12, right
42911,6,13, right
42997,8,15, right
43083,6,12, right
43169,5,12, right
43255,9,16, right
43341,7,14, right
43430,6,12, right
43516,9,16, right
43602,7,14, right
43688,5,12, right
43774,8,15, right
43860,8,15, right
43946,5,12, right
44032,7,14, right
44118,9,14, right
44204,6,12, right
44290,6,12, right
44376,8,14, right
44462,7,13, right
44548,5,11, right
44634,9,14, right
44720,8,14, right
44806,2,11, right
44892,6,14, right
44978,8,16, right
45064,5,11, right
45150,5,12, right
45236,8,15, right
45322,8,14, right
45408,4,11, right
45497,8,14, right
45583,6,12, right
45669,5,10, right
45755,7,13, right
45841,6,12, right
45927,3,10, right
46013,6,12, right
46099,8,13, right
46185,4,10, right
46271,5,11, right
46357,8,13, right
46443,6,12, right
46529,4,11, right
46615,7,12, right
46701,7,11, right
46787,4,11, right
46873,6,13, right
46959,8,14, right
47045,5,11, right
47131,5,12, right
47217,8,15, right
47303,7,12, right
47389,4,11, right
47475,7,14, right
47561,7,14, right
47650,5,12, right
47736,7,14, right
47822,7,12, right
47908,4,10, right
47994,6,13, right
48080,8,14, right
48166,5,11, right
48252,5,12, right
48338,8,14, right
48424,7,12, right
48510,5,11, right
48596,8,14, right
48682,8,13, right
48768,5,11, right
48854,7,13, right
48940,9,14, right
49026,5,11, right
49112,6,11, right
49198,9,14, right
49284,7,12, right
49370,5,11, right
49456,8,13, right
49542,9,13, right
49628,5,10, right
49717,9,14, right
49803,8,12, right
49889,4,10, right
49975,7,13, right
50061,8,14, right
50147,5,11, right
50233,6,12, right
50319,8,15, right
50405,7,12, right
50491,5,11, right
50577,9,14, right
50663,8,13, right
50749,5,10, right
50835,3,9, right
50920,1,2, right
51005,0,0, middle
51090,0,0, middle
51175,0,8, left
51260,6,20, right
51346,10,26, right
51433,14,33, right
51520,14,37, right
51608,6,22, right
51694,7,27, right
51783,10,33, right
51870,7,29, right
51956,8,17, right
52042,10,31, right
52130,6,22, right
52216,8,20, right
52302,12,25, right
52389,10,28, right
52477,13,34, right
52564,14,35, right
52651,13,39, right
52739,19,50, right
52826,12,47, right
52913,9,50, right
52999,8,56, right
53085,7,53, right
53171,2,36, right
53257,3,29, right
53343,8,42, right
53429,7,49, right
53515,6,39, right
53601,9,34, right
53687,5,28, right
53773,7,27, right
53862,7,20, right
53948,3,13, right
54034,5,17, right
54120,9,24, right
54206,7,20, right
54292,5,17, right
54378,8,21, right
54464,9,22, right
54550,5,18, right
54636,8,19, right
54722,9,22, right
54808,6,19, right
54894,6,19, right
54980,9,20, right
55066,8,20, right
55152,6,18, right
55238,9,20, right
55324,9,20, right
55410,6,19, right
55496,8,20, right
55582,10,21, right
55669,6,18, right
55755,8,20, right
55841,10,22, right
55929,6,18, right
56018,9,21, right
56104,10,21, right
56191,6,18, right
56277,8,21, right
56363,10,21, right
56451,6,18, right
56537,8,20, right
56623,10,20, right
56710,7,16, right
56797,8,18, right
56883,10,20, right
56970,6,15, right
57056,8,16, right
57142,10,18, right
57229,8,15, right
57315,7,16, right
57401,10,20, right
57488,9,19, right
57574,8,16, right
57660,11,18, right
57747,9,18, right
57833,8,16, right
57919,11,17, right
58006,10,17, right
58096,9,17, right
58182,12,17, right
58269,8,15, right
58355,7,16, right
58441,11,18, right
58528,10,15, right
58615,8,15, right
58701,11,18, right
58788,9,15, right
58874,7,14, right
58960,10,18, right
59047,10,16, right
59134,6,14, right
59220,10,17, right
59307,10,16, right
59394,7,14, right
59480,10,17, right
59567,10,16, right
59654,7,14, right
59740,10,16, right
59828,8,15, right
59914,7,14, right
